compiler,opt,N,p,solver,runs,XtX_s,Solve_s,Total_s,max_err
gcc,O0,2000,2000,gauss,5,32.619967,9.983627,42.618599,30.288211
gcc,O0,2000,2000,gj,5,32.558276,14.977098,47.550364,30.288211
gcc,O0,20000,50,gauss,5,0.262994,0.000188,0.267078,0.008139
gcc,O0,20000,50,gj,5,0.263809,0.000276,0.267979,0.008139
gcc,O0,50000,300,gauss,5,29.565198,0.034899,29.686350,0.007840
gcc,O0,50000,300,gj,5,29.465982,0.052008,29.603845,0.007840
gcc,O2,2000,2000,gauss,5,14.615328,2.033963,16.655663,30.288211
gcc,O2,2000,2000,gj,5,14.620354,2.494317,17.121046,30.288211
gcc,O2,20000,50,gauss,5,0.207163,0.000052,0.209482,0.008139
gcc,O2,20000,50,gj,5,0.207242,0.000053,0.209573,0.008139
gcc,O2,50000,300,gauss,5,19.300820,0.007406,19.350519,0.007840
gcc,O2,50000,300,gj,5,19.287423,0.007929,19.337666,0.007840
gcc,O3,2000,2000,gauss,5,14.615753,1.130683,15.752839,30.288211
gcc,O3,2000,2000,gj,5,14.623059,1.742306,16.371737,30.288211
gcc,O3,20000,50,gauss,5,0.207432,0.000053,0.209763,0.008139
gcc,O3,20000,50,gj,5,0.207258,0.000074,0.209610,0.008139
gcc,O3,50000,300,gauss,5,19.331304,0.003837,19.377537,0.007840
gcc,O3,50000,300,gj,5,19.303814,0.005288,19.351449,0.007840
gcc,Ofast,2000,2000,gauss,5,14.637559,1.127537,15.770429,30.288208
gcc,Ofast,2000,2000,gj,5,14.629932,1.742968,16.378251,30.288208
gcc,Ofast,20000,50,gauss,5,0.207438,0.000051,0.209620,0.008139
gcc,Ofast,20000,50,gj,5,0.213537,0.000076,0.215793,0.008139
gcc,Ofast,50000,300,gauss,5,19.330252,0.003851,19.374456,0.007840
gcc,Ofast,50000,300,gj,5,19.263052,0.005252,19.308540,0.007840
icc,O0,2000,2000,gauss,5,31.195070,9.231303,40.440692,30.288211
icc,O0,2000,2000,gj,5,31.628900,13.819156,45.462620,30.288211
icc,O0,20000,50,gauss,5,0.259328,0.000183,0.263381,0.008139
icc,O0,20000,50,gj,5,0.259334,0.000260,0.263466,0.008139
icc,O0,50000,300,gauss,5,31.603278,0.033070,31.735365,0.007840
icc,O0,50000,300,gj,5,29.471098,0.048216,29.605130,0.007840
icc,O2,2000,2000,gauss,5,13.644008,0.919343,14.568426,30.288210
icc,O2,2000,2000,gj,5,13.797272,1.432218,15.234634,30.288210
icc,O2,20000,50,gauss,5,0.199060,0.000064,0.201157,0.008139
icc,O2,20000,50,gj,5,0.199216,0.000075,0.201331,0.008139
icc,O2,50000,300,gauss,5,19.028726,0.002506,19.071073,0.007840
icc,O2,50000,300,gj,5,19.103065,0.003552,19.146655,0.007840
icc,O3,2000,2000,gauss,5,13.871121,0.912480,14.788746,30.288210
icc,O3,2000,2000,gj,5,13.865570,1.441142,15.311847,30.288210
icc,O3,20000,50,gauss,5,0.199227,0.000067,0.201338,0.008139
icc,O3,20000,50,gj,5,0.199649,0.000077,0.201771,0.008139
icc,O3,50000,300,gauss,5,19.057561,0.002600,19.099967,0.007840
icc,O3,50000,300,gj,5,19.864229,0.003672,19.910041,0.007840
icc,Ofast,2000,2000,gauss,5,13.872204,0.913278,14.790620,30.288210
icc,Ofast,2000,2000,gj,5,13.880812,1.445613,15.331577,30.288210
icc,Ofast,20000,50,gauss,5,0.199372,0.000065,0.201477,0.008139
icc,Ofast,20000,50,gj,5,0.198821,0.000086,0.200935,0.008139
icc,Ofast,50000,300,gauss,5,19.022954,0.002593,19.065322,0.007840
icc,Ofast,50000,300,gj,5,19.370215,0.003688,19.416005,0.007840
icx,O0,2000,2000,gauss,5,31.809285,9.621263,41.445066,30.288211
icx,O0,2000,2000,gj,5,32.156071,14.467318,46.638209,30.288211
icx,O0,20000,50,gauss,5,0.316804,0.000187,0.321135,0.008139
icx,O0,20000,50,gj,5,0.297934,0.000270,0.302267,0.008139
icx,O0,50000,300,gauss,5,30.085404,0.034372,30.205146,0.007840
icx,O0,50000,300,gj,5,29.753405,0.050866,29.888554,0.007840
icx,O2,2000,2000,gauss,5,16.977914,0.932490,17.918912,30.288209
icx,O2,2000,2000,gj,5,17.013402,1.494618,18.516575,30.288209
icx,O2,20000,50,gauss,5,0.223995,0.000063,0.226346,0.008139
icx,O2,20000,50,gj,5,0.233117,0.000076,0.235533,0.008139
icx,O2,50000,300,gauss,5,19.700154,0.002444,19.744024,0.007840
icx,O2,50000,300,gj,5,20.089102,0.003610,20.134713,0.007840
icx,O3,2000,2000,gauss,5,16.980025,0.938559,17.929116,30.288208
icx,O3,2000,2000,gj,5,16.846185,1.499331,18.356056,30.288208
icx,O3,20000,50,gauss,5,0.224121,0.000031,0.226811,0.008139
icx,O3,20000,50,gj,5,0.233142,0.000039,0.235867,0.008139
icx,O3,50000,300,gauss,5,19.703777,0.002447,19.755539,0.007840
icx,O3,50000,300,gj,5,19.707996,0.003586,19.760906,0.007840
icx,Ofast,2000,2000,gauss,5,16.844567,0.950731,17.805837,30.288208
icx,Ofast,2000,2000,gj,5,16.552051,1.506893,18.069376,30.288208
icx,Ofast,20000,50,gauss,5,0.239539,0.000031,0.242274,0.008139
icx,Ofast,20000,50,gj,5,0.243425,0.000039,0.246181,0.008139
icx,Ofast,50000,300,gauss,5,20.331205,0.002444,20.383370,0.007840
icx,Ofast,50000,300,gj,5,20.513523,0.003582,20.567000,0.007840
